qid ,model,label,hallucination_score,correctness_score,semantic_similarity,explanation,error_type,summary
98,GPT4o,partially_correct,0,0.6,0.3,"GPT-4o provides practical advice about managing belongings but misses the immigration-specific point that USCIS doesn't regulate personal storage, only requiring lawful status maintenance during grace period.",other,Q98 - GPT4o - other
42,GPT4o,incorrect,0.1,0.2,0.1,GPT-4o provides generic career advice completely missing the immigration-specific requirements to update employment in SEVIS and that students may remain during the 90-day unemployment period per SEVP regulations.,missing_requirement,Q42 - GPT4o - missing_requirement
10,GPT4o,incorrect,0.1,0.3,0.1,GPT-4o provides generic relocation advice completely missing the immigration-specific requirement that schools must report registration in SEVIS and students must complete check-in to maintain F-1 status.,missing_requirement,Q10 - GPT4o - missing_requirement
7,GPT4o,partially_correct,0.1,0.6,0.3,"GPT-4o provides generic travel advice without addressing the F-1-specific regulatory answer that USCIS does not mandate health insurance for F-1 students, though it correctly notes some visas have insurance requirements.",vague_or_generic,Q7 - GPT4o - vague_or_generic
48,GPT4o,partially_correct,0.1,0.6,0.4,"GPT-4o provides general life advice but misses the specific immigration requirement that students must maintain status, and if unable to secure employment within allowed unemployment days, must depart or change status per SEVP regulations.",other,Q48 - GPT4o - other
128,GPT4o,partially_correct,0.1,0.6,0.5,GPT-4o provides general transfer advice but doesn't clearly address the F-1-specific requirement that students on academic suspension must transfer to another SEVP-certified school before falling out of status to maintain continuous full-time enrollment.,other,Q128 - GPT4o - other
75,GPT4o,partially_correct,0.1,0.7,0.5,"GPT-4o provides general advice about international remote work but doesn't address the F-1-specific context that USCIS doesn't regulate remote work abroad, though reentry requires proper documentation and may affect status maintenance.",other,Q75 - GPT4o - other
86,GPT4o,partially_correct,0.1,0.7,0.5,GPT-4o correctly confirms passive income is allowed but provides generic investment advice without addressing the F-1-specific point that USCIS doesn't consider passive investment to be employment.,vague_or_generic,Q86 - GPT4o - vague_or_generic
114,GPT4o,partially_correct,0.1,0.7,0.6,"GPT-4o provides general name correction advice but doesn't emphasize the immigration-specific sequence: update passport first with home country, then request updated I-20s and other document corrections.",other,Q114 - GPT4o - other
124,GPT4o,partially_correct,0.1,0.7,0.6,GPT-4o provides general advice about dropping to part-time but doesn't clearly emphasize the critical F-1 rule that part-time enrollment requires DSO authorization under specific USCIS criteria and unauthorized part-time study violates status.,other,Q124 - GPT4o - other
125,GPT4o,partially_correct,0.1,0.7,0.6,GPT-4o provides general advice about program extension but doesn't emphasize the critical USCIS requirement that new program end date must be reflected on I-20 before current end date expires with valid academic or medical reason.,other,Q125 - GPT4o - other
139,GPT4o,partially_correct,0.1,0.7,0.6,GPT-4o provides general academic advice about failing thesis defense but doesn't clearly emphasize the F-1-specific SEVP requirement that students must maintain full-time enrollment and may need program extension until completion.,other,Q139 - GPT4o - other
41,GPT4o,partially_correct,0.1,0.8,0.7,"GPT-4o correctly states 90 days for initial OPT but unnecessarily adds STEM OPT information when the question asks only about OPT unemployment days, going beyond the scope of the simple regulatory answer.",wrong_number,Q41 - GPT4o - wrong_number
46,GPT4o,partially_correct,0.1,0.8,0.8,"GPT-4o correctly identifies that exceeding 90 days jeopardizes F-1 status and may require leaving the U.S., consistent with SEVP guidance, though it adds non-immigration context about unemployment benefits and job searching.",wrong_number,Q46 - GPT4o - wrong_number
7,VisaMate,partially_correct,0.1,0.85,0.88,Correct about school requirements but should explicitly state that the U.S. government does NOT require health insurance for F-1.,other,Q7 - VisaMate - other
18,VisaMate,partially_correct,0.1,0.85,0.8,Correct but missing explicit note that documentation requirements vary by school and USCIS does not require forms.,missing_requirement,Q18 - VisaMate - missing_requirement
26,VisaMate,partially_correct,0.1,0.85,0.8,"Correct that OPT denial ends work eligibility, but mentions reentry bars which are not triggered by OPT denial alone.",other,Q26 - VisaMate - other
30,VisaMate,partially_correct,0.1,0.85,0.82,Correct that freelance work is allowed if related to major; incorrect to say OPT requires minimum 20 hours per week.,wrong_number,Q30 - VisaMate - wrong_number
30,GPT4o,partially_correct,0.1,0.9,0.8,"GPT-4o correctly states freelance work is allowed if related to field of study, accurately reflecting the regulatory requirement, though the gold answer emphasizes irrelevant freelance work is prohibited.",other,Q30 - GPT4o - other
6,VisaMate,partially_correct,0.1,0.9,0.9,"Accurate overall, but missing explicit requirement that dependents must receive their own I-20s.",missing_requirement,Q6 - VisaMate - missing_requirement
3,Claude,partially_correct,0.15,0.75,0.8,"Claude correctly states that the I-20 is not activated at the border but implies that entry itself 'starts' status, which is incomplete but not fabricated.",fabricated_rule,Q3 - Claude - fabricated_rule
184,Claude,partially_correct,0.15,0.8,0.82,Claude provides valid options but does not emphasize loss of work authorization without new status.,other,Q184 - Claude - other
58,GPT4o,partially_correct,0.2,0.6,0.4,GPT-4o provides general entry denial advice but misses the F-1-specific SEVP guidance that students must contact their school and may need a new SEVIS record to return after denial.,other,Q58 - GPT4o - other
122,GPT4o,partially_correct,0.2,0.6,0.4,"GPT-4o provides general advice about taking semester off but misses the specific F-1 regulation that DSO can authorize reduced course load for medical reasons including mental health, with up to 12 months allowed per educational level.",other,Q122 - GPT4o - other
127,Claude,partially_correct,0.2,0.7,0.78,Correct that probation does not break F-1 status but adds irrelevant restrictions unrelated to SEVP.,other,Q127 - Claude - other
4,GPT4o,partially_correct,0.2,0.7,0.5,GPT-4o provides general travel advice but dilutes the F-1-specific guidance; it correctly notes financial documents may be requested but lacks the specific F-1 context about nonimmigrant intent verification emphasized in the gold answer.,other,Q4 - GPT4o - other
9,GPT4o,partially_correct,0.2,0.7,0.6,"GPT-4o correctly states F-1 students can work on-campus immediately but need authorization for off-campus work, though it should clarify on-campus work is only permitted after the program start date per the gold answer.",other,Q9 - GPT4o - other
24,GPT4o,partially_correct,0.2,0.7,0.7,"GPT-4o states 3-5 months processing time which is longer than the gold answer's 1-3 months typical range; while processing times vary, the specific range provided may not accurately reflect current USCIS timelines.",other,Q24 - GPT4o - other
45,GPT4o,partially_correct,0.2,0.7,0.6,"GPT-4o correctly explains updating employment information through DSO and SEVP Portal but implies separate unemployment reporting is required, when USCIS only requires accurate employment dates in SEVIS to stop unemployment accrual.",other,Q45 - GPT4o - other
1,Claude,partially_correct,0.2,0.75,0.8,Claude lists the correct core documents but adds inaccurate items like ESTA and non-required documents; core meaning aligns but details are off.,other,Q1 - Claude - other
14,Claude,partially_correct,0.2,0.75,0.8,Claude gives reasonable school timelines but misses the key regulatory point that USCIS does not adjudicate CPT.,other,Q14 - Claude - other
23,Claude,partially_correct,0.2,0.75,0.85,Claude correctly states no job offer is required but introduces an incorrect rule about automatic loss of status after 90 days unemployed.,wrong_number,Q23 - Claude - wrong_number
24,Claude,partially_correct,0.2,0.75,0.8,Claude provides a slightly inflated processing time estimate but stays within reasonable meaning alignment.,other,Q24 - Claude - other
59,Claude,partially_correct,0.2,0.75,0.7,"General reasoning okay, but misses F-1 requirement that job proof is recommended specifically for OPT travel.",other,Q59 - Claude - other
61,Claude,partially_correct,0.2,0.75,0.8,Generally correct timeline but gives specific dates not guaranteed; still aligned with April filing window.,other,Q61 - Claude - other
88,Claude,partially_correct,0.2,0.75,0.8,Accurately describes volunteer rules but fails to explain OPT-related volunteer constraints.,other,Q88 - Claude - other
95,Claude,partially_correct,0.2,0.75,0.85,"Correct that F-1 to B-2 uses I-539, but Claude adds generic visa rules and unnecessary questions.",vague_or_generic,Q95 - Claude - vague_or_generic
121,Claude,partially_correct,0.2,0.75,0.82,Mostly accurate but adds unrelated financial aid and academic policies beyond immigration scope.,other,Q121 - Claude - other
25,VisaMate,partially_correct,0.2,0.75,0.74,Correct that travel is risky but missing the official rule that reentry usually requires EAD + job offer after approval.,missing_requirement,Q25 - VisaMate - missing_requirement
123,Claude,partially_correct,0.2,0.78,0.86,Correct about SEVIS update and new I-20 but adds extra OPT implications not in gold answer.,other,Q123 - Claude - other
135,Claude,partially_correct,0.2,0.78,0.82,Correct that retaking classes is allowed but omits the F-1 full-time requirement context.,missing_requirement,Q135 - Claude - missing_requirement
83,Claude,partially_correct,0.2,0.8,0.88,Correct that business activity requires CPT/OPT authorization but adds unnecessary sections on on-campus businesses and status change.,other,Q83 - Claude - other
84,Claude,partially_correct,0.2,0.8,0.9,Accurate about employer reporting but adds CPT and on-campus reporting tangents not in gold.,other,Q84 - Claude - other
89,Claude,partially_correct,0.2,0.8,0.85,"Correct that paid speaking is employment, but adds speculative distinctions about frequency.",other,Q89 - Claude - other
90,Claude,partially_correct,0.2,0.8,0.9,"Captures employer reporting but adds details not required by USCIS (supervisor info, hours, etc.).",other,Q90 - Claude - other
94,Claude,partially_correct,0.2,0.8,0.9,Correct description of grace period but adds unrelated status-change options not mentioned in gold.,other,Q94 - Claude - other
109,Claude,partially_correct,0.2,0.8,0.9,Correct process but adds USPS guidance irrelevant to gold.,other,Q109 - Claude - other
110,Claude,partially_correct,0.2,0.8,0.85,"Correct that DSOs correct SEVIS errors but adds student-initiated SEVP cases, which is not standard.",other,Q110 - Claude - other
200,Claude,partially_correct,0.2,0.8,0.78,"Claude lists many documents but omits specific F-1-required items: all I-20s, I-94s, EADs, I-797s.",missing_requirement,Q200 - Claude - missing_requirement
23,GPT4o,partially_correct,0.2,0.8,0.7,"GPT-4o correctly states no job offer is required to apply for OPT, but adds the fabricated requirement to find employment within 90 days of OPT start, when the actual unemployment limit applies differently under regulations.",wrong_number,Q23 - GPT4o - wrong_number
39,GPT4o,partially_correct,0.2,0.8,0.7,"GPT-4o correctly states one 24-month STEM extension is allowed, but adds confusing information about earning another degree at higher level that, while technically accurate, goes beyond the simple regulatory answer requested.",other,Q39 - GPT4o - other
151,GPT4o,partially_correct,0.2,0.8,0.8,"GPT-4o correctly states students on STEM OPT can have F-2 dependents and incorrectly adds that F-2 spouses cannot enroll full-time, when the answer should simply confirm STEM OPT doesn't restrict dependent sponsorship without additional incorrect restrictions.",other,Q151 - GPT4o - other
42,VisaMate,partially_correct,0.2,0.8,0.7,"Correct about 90-day limit but adds suggestions about enrolling in a new program, which is not part of the gold answer.",other,Q42 - VisaMate - other
51,VisaMate,partially_correct,0.2,0.8,0.8,"Mostly correct but omits that reentry requires proof of employment; suggests job letter only, not employment evidence.",missing_requirement,Q51 - VisaMate - missing_requirement
53,VisaMate,partially_correct,0.2,0.8,0.7,Correct on needing a valid visa; adds full-time enrollment requirement which is irrelevant during OPT.,other,Q53 - VisaMate - other
59,VisaMate,partially_correct,0.2,0.8,0.8,Correct that carrying job letter is advisable; adds CPT context unnecessary but not harmful.,other,Q59 - VisaMate - other
67,VisaMate,partially_correct,0.2,0.8,0.7,Correct timeframe but doesn’t state that cap-gap ends immediately if petition is rejected.,other,Q67 - VisaMate - other
90,VisaMate,partially_correct,0.2,0.8,0.8,Mostly correct but adds E-Verify requirement irrelevant unless STEM OPT.,other,Q90 - VisaMate - other
142,VisaMate,partially_correct,0.2,0.8,0.8,Mostly correct but misses nuance about infants born in the U.S. automatically receiving status without consular processing.,other,Q142 - VisaMate - other
136,Claude,partially_correct,0.25,0.68,0.72,Correct that summer study is allowed but fails to mention SEVP requirement to keep home school as primary SEVIS sponsor.,other,Q136 - Claude - other
8,Claude,partially_correct,0.25,0.7,0.75,Claude is right that SEVIS ID appears on the I-20 but incorrectly claims it appears on I-94 or USCIS notices.,other,Q8 - Claude - other
16,Claude,partially_correct,0.25,0.7,0.8,Claude is mostly correct but incorrectly introduces hour-limit rules not defined by federal CPT policy.,other,Q16 - Claude - other
26,Claude,partially_correct,0.25,0.7,0.75,Claude captures the meaning of an OPT denial but adds a fictional grace-period concept.,other,Q26 - Claude - other
28,Claude,partially_correct,0.25,0.7,0.8,Claude lists most correct I-765 documents but includes items not required federally such as transcripts.,other,Q28 - Claude - other
54,Claude,partially_correct,0.25,0.7,0.75,Correct that travel while EAD pending is risky; slightly overstated that reentry requires EAD absolutely.,other,Q54 - Claude - other
62,Claude,partially_correct,0.25,0.7,0.75,"Correct that work stops when STEM expires, but claims no cap-gap coverage, which is inaccurate.",other,Q62 - Claude - other
64,Claude,partially_correct,0.25,0.7,0.8,Correct main idea but implies STEM/OPT employment can continue automatically; missing nuance on cap-gap conditions.,missing_requirement,Q64 - Claude - missing_requirement
65,Claude,partially_correct,0.25,0.7,0.75,"Correct about portability but includes some incorrect requirements (e.g., approval before starting in some cases).",other,Q65 - Claude - other
76,Claude,partially_correct,0.25,0.7,0.75,Correct that the student must use reliable mailing address but incorrectly claims USCIS avoids PO boxes.,other,Q76 - Claude - other
131,Claude,partially_correct,0.25,0.7,0.8,Correct about extension option but adds grace-period defense suggestion not allowed under SEVP.,other,Q131 - Claude - other
140,Claude,partially_correct,0.25,0.7,0.78,Correct about changing levels but adds unrelated funding and academic policy details.,other,Q140 - Claude - other
157,Claude,partially_correct,0.25,0.7,0.78,Correct about status violation but adds speculation about deportation without regulatory nuance.,other,Q157 - Claude - other
146,Claude,partially_correct,0.25,0.72,0.8,Correct that marriage does not merge records but incorrectly claims F-2 can study full time.,other,Q146 - Claude - other
81,Claude,partially_correct,0.25,0.75,0.92,Mostly correct about multiple OPT employers but incorrectly states a 40-hour combined limit which does not exist in regulation.,other,Q81 - Claude - other
87,Claude,partially_correct,0.25,0.75,0.85,"Correct that co-founding is allowed only if work is authorized, but adds speculative conditions about equity vs employment.",other,Q87 - Claude - other
99,Claude,partially_correct,0.25,0.75,0.8,Correct about general volunteer rules but fails to note no employment (paid/unpaid) is allowed after OPT ends.,other,Q99 - Claude - other
113,Claude,partially_correct,0.25,0.75,0.85,"Correct that transfers are possible, but adds teach-outs and extended grace periods not in gold.",other,Q113 - Claude - other
169,Claude,partially_correct,0.25,0.75,0.82,Claude lists IRS penalties correctly but does not mention immigration implications; still mostly accurate.,missing_requirement,Q169 - Claude - missing_requirement
24,VisaMate,partially_correct,0.25,0.75,0.7,Visamate gives 3–5 months; USCIS typical range is 1–3 months. Not wrong but outside normal guidance.,other,Q24 - VisaMate - other
1,VisaMate,partially_correct,0.25,0.8,0.82,Visamate includes required items but adds home-country ties which are not required for F-1 entry; still mostly correct.,other,Q1 - VisaMate - other
43,GPT4o,incorrect,0.3,0.2,0.1,"GPT-4o incorrectly states volunteer work is not formal employment and provides career advice, missing the critical DHS guidance that unpaid volunteer work can count toward OPT employment if related to major and 20+ hours weekly.",missing_requirement,Q43 - GPT4o - missing_requirement
47,GPT4o,incorrect,0.3,0.3,0.2,GPT-4o provides generic visa and tax advice without addressing the specific F-1 OPT requirement that gig work is unauthorized unless directly related to the major field of study per USCIS regulations.,vague_or_generic,Q47 - GPT4o - vague_or_generic
137,GPT4o,partially_correct,0.3,0.5,0.2,"GPT-4o provides generic software discontinuation advice completely missing the F-1-specific SEVP requirement that if program is discontinued, students must transfer to another certified school or depart the U.S.",missing_requirement,Q137 - GPT4o - missing_requirement
37,GPT4o,partially_correct,0.3,0.6,0.3,"GPT-4o provides general E-Verify information without clearly stating the specific STEM OPT requirement that all STEM employers must be E-Verify enrolled per DHS regulations, diluting the immigration-specific answer.",other,Q37 - GPT4o - other
66,Claude,partially_correct,0.3,0.65,0.7,Some correct appeal info but lacks F-1 cap-gap implications and invents general visa scenarios.,other,Q66 - Claude - other
74,Claude,partially_correct,0.3,0.65,0.75,"Correct that address updates required, but mixes general USCIS rules with nonimmigrant-specific timelines.",other,Q74 - Claude - other
158,Claude,partially_correct,0.3,0.65,0.72,Correct that employment-like volunteering is prohibited but overstated limitations.,other,Q158 - Claude - other
18,Claude,partially_correct,0.3,0.7,0.75,Claude lists many common school-required CPT documents but adds federal documents not mandated by regulation.,other,Q18 - Claude - other
25,Claude,partially_correct,0.3,0.7,0.7,"Claude correctly states travel is risky but fails to note that reentry requires EAD + job offer, overstating restrictions.",other,Q25 - Claude - other
30,Claude,partially_correct,0.3,0.7,0.75,Claude is correct that freelance work is allowed on regular OPT but misses that STEM OPT cannot include self-employment.,other,Q30 - Claude - other
105,Claude,partially_correct,0.3,0.7,0.8,"Correct that DSO issues a new I-20, but adds embassy and visa renewal guidance not tied to gold.",other,Q105 - Claude - other
143,Claude,partially_correct,0.3,0.7,0.75,Correct that F-2 spouses cannot study full time but incorrectly restricts part-time study to hobby courses.,other,Q143 - Claude - other
3,GPT4o,partially_correct,0.3,0.7,0.7,"GPT-4o correctly states no activation is needed and describes the entry process accurately, but uses confusing language saying the I-20 is 'activated' once you enter, when the gold answer clarifies this terminology is incorrect.",other,Q3 - GPT4o - other
18,GPT4o,partially_correct,0.3,0.7,0.6,"GPT-4o lists many school-specific documents but misses the key regulatory point that CPT is school-issued (not USCIS-adjudicated), and the primary federal requirement is the I-20 with CPT authorization on page 2.",other,Q18 - GPT4o - other
45,VisaMate,partially_correct,0.3,0.7,0.6,"Correct that DSO updates SEVIS but incorrectly says students must report unemployment, which is not required by USCIS.",other,Q45 - VisaMate - other
47,VisaMate,partially_correct,0.3,0.7,0.6,"Correct that unauthorized gig work is not allowed, but incorrectly states no gig work is ever allowed, ignoring the allowed case when work is related to the major and authorized under OPT.",other,Q47 - VisaMate - other
50,VisaMate,partially_correct,0.3,0.7,0.7,"Correct that you can change status via I-539, but adds unnecessary risk statements not in gold.",other,Q50 - VisaMate - other
54,VisaMate,partially_correct,0.3,0.7,0.7,Correct that travel is risky but incorrectly states you should not travel until EAD is approved; gold says travel is allowed but risky.,other,Q54 - VisaMate - other
61,VisaMate,partially_correct,0.3,0.7,0.7,"Correct filing window, but adds fabricated statement about FY 2026 cap already being reached.",fabricated_rule,Q61 - VisaMate - fabricated_rule
65,VisaMate,partially_correct,0.3,0.7,0.7,"Correct that transfer requires a new filing, but incorrectly claims you must wait to start work—AC21 allows portability after filing.",other,Q65 - VisaMate - other
85,VisaMate,partially_correct,0.3,0.7,0.7,Correct STEM OPT conditions but incorrectly requires 20 hours for part-time contracting.,wrong_number,Q85 - VisaMate - wrong_number
94,VisaMate,partially_correct,0.3,0.7,0.6,Correct general rules but gold emphasizes grace period; model emphasizes unemployment limit.,other,Q94 - VisaMate - other
100,VisaMate,partially_correct,0.3,0.7,0.7,Correct form and process; adds warnings not in gold but not harmful.,other,Q100 - VisaMate - other
101,VisaMate,partially_correct,0.3,0.7,0.7,Correct that DSO handles it; adds unlawful presence which gold does not mention.,missing_requirement,Q101 - VisaMate - missing_requirement
103,VisaMate,partially_correct,0.3,0.7,0.6,Correct that correction goes through USCIS but fails to distinguish between USCIS error vs student error.,other,Q103 - VisaMate - other
109,VisaMate,partially_correct,0.3,0.7,0.7,Correct on contacting USCIS; missing rule about USCIS replacing card for free if fault is theirs.,missing_requirement,Q109 - VisaMate - missing_requirement
111,VisaMate,partially_correct,0.3,0.7,0.7,Correct that CBP handles I-94 corrections but model directs student to USCIS resources unnecessarily.,other,Q111 - VisaMate - other
136,VisaMate,partially_correct,0.3,0.7,0.7,"Correct that summer classes at another school are allowed, but incorrectly implies full-time enrollment is required in summer.",other,Q136 - VisaMate - other
125,Claude,partially_correct,0.3,0.72,0.74,"Includes correct extension concept but adds reasons not permitted under F-1 rules, like financial hardship.",other,Q125 - Claude - other
10,Claude,incorrect,0.4,0.45,0.25,Claude gives general relocation advice and misses the SEVIS-mandated school check-in requirement.,other,Q10 - Claude - other
56,Claude,incorrect,0.4,0.45,0.35,Claude claims travel signatures valid for one year; for OPT they are only valid 6 months.,other,Q56 - Claude - other
124,Claude,incorrect,0.4,0.48,0.42,Does not mention that F-1 part-time enrollment requires DSO-authorized RCL and implies it is generally allowed.,missing_requirement,Q124 - Claude - missing_requirement
122,Claude,incorrect,0.4,0.5,0.45,Misses SEVP medical RCL rules and instead describes general university leave policies.,other,Q122 - Claude - other
58,VisaMate,partially_correct,0.4,0.6,0.5,"Correct that denial has serious consequences but introduces unlawful presence and removal, which is not in the gold answer.",other,Q58 - VisaMate - other
88,VisaMate,partially_correct,0.4,0.6,0.5,Correct warning but ignores that volunteer work CAN count if meets labor rules.,other,Q88 - VisaMate - other
115,VisaMate,partially_correct,0.4,0.6,0.6,Correct that late OPT cannot be filed; model misstates 60-day window as OPT window.,other,Q115 - VisaMate - other
1,GPT4o,partially_correct,0.4,0.7,0.6,"GPT-4o correctly identifies the four required documents but adds non-required items (financial proof, admission letter, appointment confirmation, additional documents) that are not federally mandated for entry, constituting advisory overreach beyond immigration requirements.",other,Q1 - GPT4o - other
2,Claude,incorrect,0.45,0.4,0.25,Claude fails to state the clear rule that F-1 students cannot enter more than 30 days early and adds irrelevant visa categories.,other,Q2 - Claude - other
72,Claude,incorrect,0.45,0.4,0.3,Claude gives general employment info; fails to mention SEVIS reporting and immigration relevance.,other,Q72 - Claude - other
79,Claude,incorrect,0.45,0.4,0.3,Claude focuses on general employment tax rules; fails to address OPT regulatory conditions.,other,Q79 - Claude - other
134,Claude,incorrect,0.45,0.42,0.38,Ignores SEVP final-term exception allowing part-time enrollment and instead discourages it.,other,Q134 - Claude - other
4,Claude,incorrect,0.45,0.45,0.45,"Claude incorrectly states it is not recommended to carry financial documents, contradicting the gold answer’s meaning.",other,Q4 - Claude - other
111,Claude,incorrect,0.45,0.55,0.6,"Gold says CBP Deferred Inspection corrects I-94; Claude incorrectly instructs filing I-102, which is unnecessary in most cases.",other,Q111 - Claude - other
120,Claude,incorrect,0.45,0.55,0.65,Claude incorrectly claims OPT denials cannot be appealed; gold states motions/appeals via I-290B are allowed.,other,Q120 - Claude - other
33,GPT4o,incorrect,0.5,0.3,0.4,"GPT-4o incorrectly states employment is not required at time of application, contradicting DHS regulations that mandate students must be employed by an E-Verify employer to apply for STEM extension.",other,Q33 - GPT4o - other
199,GPT4o,incorrect,0.5,0.3,0.4,"GPT-4o incorrectly states volunteering while awaiting work authorization is generally allowed, when USCIS prohibits volunteering if the activity would normally be paid or considered employment, treating it as unauthorized employment.",other,Q199 - GPT4o - other
139,Claude,incorrect,0.5,0.35,0.3,Does not address immigration consequences of failing a defense and instead discusses emotional support.,other,Q139 - Claude - other
128,Claude,incorrect,0.5,0.38,0.41,Fails to mention SEVP rules about maintaining status and instead discusses general admissions issues.,other,Q128 - Claude - other
45,Claude,incorrect,0.5,0.4,0.2,Claude wrongly claims students must provide documents and reasons; DHS only requires accurate SEVIS employment entries.,other,Q45 - Claude - other
48,Claude,incorrect,0.5,0.4,0.25,Claude gives generic career advice and ignores unemployment-day limits or required immigration actions.,vague_or_generic,Q48 - Claude - vague_or_generic
75,Claude,incorrect,0.5,0.4,0.2,Claude ignores OPT/S E V I S maintenance rules and gives general remote-work tax guidance.,other,Q75 - Claude - other
92,Claude,incorrect,0.5,0.4,0.45,Does not answer F-1 grace period rules and gives generic visa advice.,vague_or_generic,Q92 - Claude - vague_or_generic
67,Claude,incorrect,0.5,0.45,0.2,"Cap-gap ends on September 30, not October 1, and does not include 60-day extension after denial.",other,Q67 - Claude - other
101,Claude,incorrect,0.5,0.45,0.5,Claude incorrectly implies DSOs can reinstate records; reinstatement is a USCIS process via I-539.,other,Q101 - Claude - other
107,Claude,incorrect,0.5,0.45,0.6,Claims expired passport requires contacting program coordinators and discusses visas—gold explains simple renewal via home embassy only.,other,Q107 - Claude - other
115,Claude,incorrect,0.5,0.45,0.55,"Gold states late OPT cannot be filed; Claude suggests USCIS may accept late filings, which is false.",other,Q115 - Claude - other
7,Claude,incorrect,0.5,0.5,0.2,Claude ignores the key point: USCIS does not require health insurance for F-1 students; gives irrelevant country-generic advice.,vague_or_generic,Q7 - Claude - vague_or_generic
85,Claude,incorrect,0.5,0.5,0.7,Fails to mention mandatory E-Verify and I-983; implies part-time contracting flexibility that does not meet STEM OPT rules.,other,Q85 - Claude - other
120,VisaMate,incorrect,0.5,0.5,0.5,Gold says appeals ARE allowed via I-290B; model incorrectly says you cannot appeal.,other,Q120 - VisaMate - other
128,VisaMate,incorrect,0.5,0.5,0.4,Model incorrectly says transferring while suspended is not permitted; gold allows transfer before falling out of status.,other,Q128 - VisaMate - other
133,Claude,incorrect,0.55,0.3,0.35,"Fails to mention status violation and reinstatement requirements, focusing only on academic impacts.",other,Q133 - Claude - other
80,Claude,incorrect,0.55,0.35,0.2,Claude incorrectly states remote work may jeopardize F-1 status; DHS explicitly permits remote OPT/CPT if requirements are met.,other,Q80 - Claude - other
43,Claude,incorrect,0.55,0.4,0.15,"Claude says volunteer work generally does not count, contradicting DHS rules allowing unpaid OPT-related volunteer work.",other,Q43 - Claude - other
57,Claude,incorrect,0.55,0.4,0.1,Claude avoids answering F-1 rules and gives general visa talk; correct answer is 'No reentry during grace period'.,other,Q57 - Claude - other
9,Claude,incorrect,0.55,0.45,0.2,Claude gives general visa work rules instead of stating clearly that F-1 students cannot work on arrival.,other,Q9 - Claude - other
32,Claude,incorrect,0.55,0.45,0.4,Claude invents a 150-day earliest filing rule; the correct earliest is 90 days before OPT end.,wrong_number,Q32 - Claude - wrong_number
42,Claude,incorrect,0.55,0.45,0.1,Claude gives general job-loss advice with no immigration content; fails to mention SEVIS reporting or unemployment limits.,other,Q42 - Claude - other
165,Claude,incorrect,0.55,0.45,0.35,Claude omits F-1 requirement of having employment authorization and a job offer; gives generic SSN rules instead.,missing_requirement,Q165 - Claude - missing_requirement
143,GPT4o,incorrect,0.6,0.3,0.4,"GPT-4o incorrectly states F-2 spouses can study full-time citing 2015 guidelines, when federal regulations actually permit only part-time study for F-2 spouses unless they change to F-1 status; only F-2 children can study full-time K-12.",other,Q143 - GPT4o - other
145,Claude,incorrect,0.6,0.32,0.33,Incorrectly states F-1 OPT does not allow dependents when F-2 sponsorship is permitted.,other,Q145 - Claude - other
49,Claude,incorrect,0.6,0.35,0.2,"Claude fabricates STEM OPT unemployment rules (claims fresh 90 days), contradicting DHS’s 150-day total cap.",wrong_number,Q49 - Claude - wrong_number
50,Claude,incorrect,0.6,0.35,0.25,Claude gives general visa info unrelated to F-1; fails to mention change-of-status deadlines and requirements.,other,Q50 - Claude - other
33,Claude,incorrect,0.6,0.4,0.4,Claude incorrectly states students can apply for STEM OPT while unemployed; an E-Verify employer and I-983 are required at filing.,other,Q33 - Claude - other
37,Claude,incorrect,0.6,0.4,0.2,Claude ignores STEM OPT rules and instead explains unrelated E-Verify federal contractor requirements.,other,Q37 - Claude - other
40,Claude,incorrect,0.6,0.4,0.3,"Claude incorrectly creates a '60-day grace period' after job loss during STEM OPT; unemployment rules are cumulative, not grace-based.",other,Q40 - Claude - other
86,Claude,incorrect,0.6,0.4,0.45,Provides generic global investment advice and ignores F-1 rules entirely.,vague_or_generic,Q86 - Claude - vague_or_generic
97,Claude,incorrect,0.6,0.4,0.35,Gold clarifies marriage doesn’t affect F-1 status; Claude incorrectly implies filing I-485 during grace period is standard.,other,Q97 - Claude - other
114,Claude,incorrect,0.6,0.4,0.3,Claude gives U.S. domestic name correction processes unrelated to F-1 requirements; gold focuses on passport update then immigration documents.,other,Q114 - Claude - other
43,VisaMate,incorrect,0.6,0.4,0.2,"Gold says unpaid volunteer work counts; model incorrectly says it does not count, contradicting regulations.",other,Q43 - VisaMate - other
74,VisaMate,incorrect,0.6,0.4,0.4,Gold says students must report addresses to USCIS; model incorrectly says notifying DSO alone is sufficient.,other,Q74 - VisaMate - other
75,VisaMate,incorrect,0.6,0.4,0.3,Gold says USCIS doesn't regulate remote work abroad; model incorrectly says physical presence in U.S. is required.,other,Q75 - VisaMate - other
80,VisaMate,incorrect,0.6,0.4,0.3,"Gold says remote work is fine if authorized; model claims remote work can terminate status unless specially authorized, which is false.",other,Q80 - VisaMate - other
83,VisaMate,incorrect,0.6,0.4,0.3,Gold says you MAY start a business if work is under OPT/CPT; model says not permitted.,other,Q83 - VisaMate - other
97,VisaMate,incorrect,0.6,0.4,0.3,Gold clarifies marriage has no immigration effect; model gives misleading claim grace period is not lawful status.,other,Q97 - VisaMate - other
99,VisaMate,incorrect,0.6,0.4,0.3,Gold says volunteering is allowed but doesn’t stop unemployment; model says all volunteer work is not allowed.,other,Q99 - VisaMate - other
104,VisaMate,incorrect,0.6,0.4,0.4,Gold lists clear expedite criteria; model incorrectly claims expedited processing is generally unavailable.,other,Q104 - VisaMate - other
114,VisaMate,incorrect,0.6,0.4,0.4,Gold requires passport to be corrected first; model incorrectly starts with SEVIS correction.,other,Q114 - VisaMate - other
172,Claude,incorrect,0.65,0.35,0.3,Gold specifies F-1 nonresidents do NOT report foreign income; Claude gives generic worldwide-tax rules instead.,vague_or_generic,Q172 - Claude - vague_or_generic
167,Claude,incorrect,0.65,0.4,0.3,Nonresident aliens generally cannot claim dependents; Claude incorrectly suggests eligibility using resident rules.,other,Q167 - Claude - other
137,Claude,incorrect,0.7,0.25,0.2,"Completely misses SEVP transfer/departure rules and answers as if about generic programs, not immigration.",vague_or_generic,Q137 - Claude - vague_or_generic
180,Claude,incorrect,0.7,0.3,0.28,Claude gives generic FICA refund rules and misses the key F-1 exemption and Form 843 process.,vague_or_generic,Q180 - Claude - vague_or_generic
198,Claude,incorrect,0.7,0.3,0.22,Claude mixes USCIS premium processing with unrelated payment processing; does not answer immigration question.,other,Q198 - Claude - other
9,VisaMate,incorrect,0.7,0.3,0.25,Visamate incorrectly says students may work on-campus immediately upon arrival; federal rule allows work only ON OR AFTER program start date.,other,Q9 - VisaMate - other
62,VisaMate,incorrect,0.7,0.3,0.2,Gold describes cap-gap; model incorrectly mentions 180-day STEM-pending extension which is unrelated to H-1B transition.,other,Q62 - VisaMate - other
176,Claude,incorrect,0.75,0.25,0.22,Claude incorrectly claims CPT and OPT income are taxed differently; IRS treats them identically.,other,Q176 - Claude - other
12,GPT4o,incorrect,0.8,0,0,"GPT-4o directly contradicts federal CPT requirements by stating internships don't need to be related to major and provides career advice, when DHS regulations explicitly require CPT be directly related to the major field of study.",other,Q12 - GPT4o - other
178,Claude,incorrect,0.8,0.2,0.18,Nonresident aliens cannot claim education credits; Claude incorrectly states they can.,other,Q178 - Claude - other
199,Claude,incorrect,0.8,0.25,0.18,Claude incorrectly says volunteering is allowed; F-1/OPT cannot volunteer in a role normally paid.,other,Q199 - Claude - other
151,Claude,hallucination,0.85,0.18,0.2,Falsely states you cannot add dependents during OPT or STEM OPT despite regulations allowing it.,other,Q151 - Claude - other
38,Claude,hallucination,0.9,0.1,0.2,Claude incorrectly states consulting clients must be E-Verify; STEM OPT forbids independent contracting entirely.,other,Q38 - Claude - other
142,Claude,hallucination,0.9,0.1,0.15,"Incorrectly states F-1 students cannot have dependents, which is a fabricated rule.",fabricated_rule,Q142 - Claude - fabricated_rule
160,Claude,hallucination,0.9,0.12,0.18,Incorrectly claims F-2 dependents can qualify for SSNs despite USCIS prohibiting this.,other,Q160 - Claude - other
147,Claude,hallucination,0.92,0.15,0.18,Incorrectly states F-2 children cannot attend public K-12 despite DHS explicitly allowing it.,other,Q147 - Claude - other
5,Claude,hallucination,0.95,0.05,0.05,"Claude fabricates severe legal consequences for visa expiration, which does not end F-1 status; this is a clear hallucination.",other,Q5 - Claude - other
12,Claude,hallucination,0.95,0.05,0,"Claude states internships do not need to relate to the major, which contradicts core CPT law; clear fabrication.",other,Q12 - Claude - other
46,Claude,hallucination,0.95,0.05,0.05,"Claude gives unemployment-benefit info unrelated to F-1 status and ignores the loss-of-status rule, fabricating irrelevant processes.",other,Q46 - Claude - other
47,Claude,hallucination,0.95,0.05,0.05,"Claude says gig work 'often' maintains status, which is fabricated; unauthorized gig work violates F-1 rules.",fabricated_rule,Q47 - Claude - fabricated_rule
58,Claude,hallucination,0.95,0.05,0,"Claude describes the process for citizens returning to their home country, completely unrelated to F-1 admissions denial.",other,Q58 - Claude - other
68,Claude,hallucination,0.95,0.05,0.1,Claude fabricates that travel is allowed; USCIS clearly states travel abandons change-of-status during cap-gap.,other,Q68 - Claude - other
130,Claude,hallucination,0.95,0.1,0.12,"Incorrectly claims a gap year can be maintained on F-1, which contradicts SEVP continuous enrollment rules.",other,Q130 - Claude - other
20,Claude,hallucination,1,0,0,Claude answers about mental-health therapy CPT instead of Curricular Practical Training; entirely fabricated.,fabricated_rule,Q20 - Claude - fabricated_rule